,eval_loss,eval_acc,eval_runtime,eval_samples_per_second,eval_steps_per_second,epoch,time_this_iter_s,training_iteration,learning_rate,per_device_eval_batch_size,per_device_train_batch_size,warmup_steps,weight_decay,testAccuracy
0,1.4016200304031372,0.6233333333333333,0.4298,697.963,23.265,1.0,444.02215456962585,1,1.7272998688284028e-05,32,16,0,0.06370173320348284,0.6166666666666667
0,1.4075621366500854,0.6266666666666667,0.4266,703.306,23.444,1.0,446.6231484413147,1,3.887995089067299e-05,32,16,250,0.016923473708130077,0.6333333333333333
0,1.0054255723953247,0.62,0.4376,685.597,22.853,1.0,435.8663520812988,1,1.1866626528544617e-05,32,16,500,0.11995829151457664,0.6533333333333333
0,1.4865577220916748,0.6533333333333333,0.425,705.954,23.532,1.0,446.335241317749,1,3.3874006317859486e-05,32,16,250,0.23390730008183078,0.6633333333333333
0,1.2545619010925293,0.6433333333333333,0.414,724.666,24.156,1.0,436.8629999160767,1,4.802857225639665e-05,32,16,500,0.11236203565420874,0.6433333333333333
0,1.1376397609710691,0.6266666666666667,0.4141,724.477,24.149,1.0,447.1488049030304,1,2.164916560792168e-05,32,16,500,0.12958350559263473,0.6666666666666666
0,1.408664584159851,0.6066666666666667,0.43,697.687,23.256,1.0,443.6170959472656,1,3.8322903111841824e-05,32,16,250,0.18033450352296262,0.63
0,1.6503862142562866,0.6533333333333333,0.4268,702.862,23.429,1.0,446.948353767395,1,3.446612641953124e-05,32,16,0,0.18524445288831495,0.6666666666666666
0,1.1662434339523315,0.6233333333333333,0.4288,699.652,23.322,1.0,438.7689263820648,1,1.2323344486727979e-05,32,16,0,0.04679835610086079,0.64
