in_len,out_len,d_model,nhead,num_encoder_layers,num_decoder_layers,dim_feedforward,batch_size,dropout,lr,year,sMAPE,MAPE
9,13,32,8,5,5,256,153,0.2388680523145333,4.1926027595676556e-05,True,142.59458628946015,83.00581257108144
26,14,64,2,4,5,1024,61,0.049754338569828284,1.3613294187132049e-05,False,26.42447322540547,83.00581257108144
24,10,64,8,3,7,256,351,0.13345745407922902,2.8848454866150566e-05,False,60.745744210046915,83.00581257108144
