in_len,out_len,d_model,nhead,num_encoder_layers,num_decoder_layers,dim_feedforward,batch_size,dropout,lr,year,sMAPE,sMAPE2,MAPE
15,30,32,8,4,3,1024,19,0.0002919368393513,1.5336889410040097e-05,False,12.985579459793254,12.594524121852539,11.728650832705421
10,22,32,8,8,4,1024,93,0.0736649625818496,2.5859679466328587e-05,True,13.176824092025512,14.761560641532515,14.516822197751116
14,30,32,8,4,2,1024,11,0.0179598030414915,1.5167726583477533e-05,False,13.314499761243964,33.146610259365175,41.57617839297041
15,28,32,8,4,3,256,7,0.0140706368596061,1.303146309349317e-05,False,13.621100728307574,13.127004725306326,14.204451475150954
13,29,32,8,4,2,1024,63,0.0121238924990803,2.7207776183655532e-05,False,13.710564158712572,13.507439285429642,14.938751759745502
18,27,32,8,5,5,1024,18,0.0522584658060158,4.952265461399795e-05,True,13.711978648447737,8.991903312230972,9.184983020959823
13,30,32,8,4,3,1024,44,0.0472530928262396,1.0692811247384763e-05,False,14.09759818228617,42.80032808924306,57.137037710288276
16,28,32,8,4,4,1024,9,0.043729308001247,1.6866100513464337e-05,True,14.25092435170491,17.525868916766868,19.834579318293137
12,28,64,8,6,2,1024,75,0.023960758970711,2.145543716199729e-05,False,14.270991486141584,11.88139248672057,11.61537557378669
