,eval_loss,eval_acc,eval_runtime,eval_samples_per_second,eval_steps_per_second,epoch,time_this_iter_s,training_iteration,learning_rate,per_device_eval_batch_size,per_device_train_batch_size,warmup_steps,weight_decay,testAccuracy
0,0.8601668477058411,0.65,0.3939,761.595,25.387,1.0,322.8540437221527,1,1.7272998688284028e-05,32,16,0,0.06370173320348284,0.6466666666666666
0,0.8688669800758362,0.6566666666666666,0.4042,742.202,24.74,1.0,330.53861927986145,1,3.446612641953124e-05,32,16,0,0.18524445288831495,0.6733333333333333
0,0.9089072942733764,0.6266666666666667,0.4019,746.374,24.879,1.0,327.3332314491272,1,3.3874006317859486e-05,32,16,250,0.23390730008183078,0.6633333333333333
0,0.9252411127090454,0.6233333333333333,0.3974,754.871,25.162,1.0,322.865918636322,1,3.887995089067299e-05,32,16,250,0.016923473708130077,0.66
0,0.8333780169487,0.6333333333333333,0.3935,762.318,25.411,1.0,328.07115483284,1,1.1866626528544617e-05,32,16,500,0.11995829151457664,0.6466666666666666
0,0.8816900849342346,0.63,0.4024,745.489,24.85,1.0,322.2875642776489,1,3.8322903111841824e-05,32,16,250,0.18033450352296262,0.6633333333333333
0,0.8340442776679993,0.63,0.4026,745.233,24.841,1.0,321.6827049255371,1,1.2323344486727979e-05,32,16,0,0.04679835610086079,0.6433333333333333
0,0.9337037205696106,0.6433333333333333,0.4014,747.367,24.912,1.0,320.7715108394623,1,4.802857225639665e-05,32,16,500,0.11236203565420874,0.67
0,0.8391745090484619,0.65,0.395,759.486,25.316,1.0,326.3265597820282,1,2.164916560792168e-05,32,16,500,0.12958350559263473,0.6633333333333333
