,learning_rate,num_epochs,per_gpu_batch_size,per_gpu_eval_size,warmup_steps,weight_decay,eval_loss,eval_accuracy,eval_precision,eval_recall,eval_f1,eval_runtime,eval_samples_per_second,eval_steps_per_second,epoch
0,1e-05,1,16,16,500,0.3,0.8174408674240112,0.64,0.653978914761427,0.64,0.6409360457385986,1.4804,202.645,12.834,1.0
1,1e-05,1,16,32,500,0.3,0.8174408078193665,0.64,0.653978914761427,0.64,0.6409360457385986,1.4968,200.431,6.681,1.0
2,1e-05,1,16,64,500,0.3,0.817440927028656,0.64,0.653978914761427,0.64,0.6409360457385986,1.3355,224.63,3.744,1.0
3,1e-05,1,32,16,500,0.3,0.8394781351089478,0.6233333333333333,0.6266468187248654,0.6233333333333334,0.6223079395692703,1.4986,200.193,12.679,1.0
4,1e-05,1,32,32,500,0.3,0.8394781351089478,0.6233333333333333,0.6266468187248654,0.6233333333333334,0.6223079395692703,1.5258,196.616,6.554,1.0
5,1e-05,1,32,64,500,0.3,0.8394781351089478,0.6233333333333333,0.6266468187248654,0.6233333333333334,0.6223079395692703,1.3519,221.908,3.698,1.0
6,1e-05,1,64,16,500,0.3,0.9072051048278809,0.5866666666666667,0.5905857105397535,0.5866666666666667,0.5850743433334763,1.4925,201.009,12.731,1.0
7,1e-05,1,64,32,500,0.3,0.9072049856185913,0.5866666666666667,0.5905857105397535,0.5866666666666667,0.5850743433334763,1.5135,198.216,6.607,1.0
8,1e-05,1,64,64,500,0.3,0.9072049856185913,0.5866666666666667,0.5905857105397535,0.5866666666666667,0.5850743433334763,1.3563,221.189,3.686,1.0
