,eval_loss,eval_acc,eval_runtime,eval_samples_per_second,eval_steps_per_second,epoch,time_this_iter_s,training_iteration,learning_rate,per_device_eval_batch_size,per_device_train_batch_size,warmup_steps,weight_decay,testAccuracy
0,1.9644737243652344,0.6066666666666667,0.5201,576.864,19.229,1.0,1651.1444430351255,1,2.164916560792168e-05,32,16,500,0.12958350559263473,0.61
0,1.4697383642196655,0.6366666666666667,0.5123,585.549,19.518,1.0,1629.609326839447,1,1.1866626528544617e-05,32,16,500,0.11995829151457664,0.61
0,1.6785367727279663,0.5866666666666667,0.5135,584.211,19.474,1.0,1585.6205713748932,1,1.2323344486727979e-05,32,16,0,0.04679835610086079,0.5766666666666667
0,1.984013319015503,0.65,0.4961,604.772,20.159,1.0,1575.8831260204315,1,3.3874006317859486e-05,32,16,250,0.23390730008183078,0.62
0,2.247265100479126,0.61,0.5105,587.602,19.587,1.0,1568.575204372406,1,4.802857225639665e-05,32,16,500,0.11236203565420874,0.6233333333333333
0,2.5436599254608154,0.6,0.5005,599.456,19.982,1.0,1598.0725877285004,1,3.8322903111841824e-05,32,16,250,0.18033450352296262,0.61
0,2.302854299545288,0.5833333333333334,0.509,589.42,19.647,1.0,1643.7307677268982,1,1.7272998688284028e-05,32,16,0,0.06370173320348284,0.5633333333333334
0,2.507375478744507,0.5966666666666667,0.4988,601.397,20.047,1.0,1626.9263625144958,1,3.446612641953124e-05,32,16,0,0.18524445288831495,0.61
0,2.521435260772705,0.5866666666666667,0.4962,604.641,20.155,1.0,1625.8687620162964,1,3.887995089067299e-05,32,16,250,0.016923473708130077,0.6166666666666667
