eval_loss,eval_accuracy,eval_precision,eval_recall,eval_f1,eval_runtime,eval_samples_per_second,eval_steps_per_second,epoch,modelName,testAccuracy
0.8178470134735107,0.6733333333333333,0.7141888961179786,0.6733333333333333,0.6708614274337285,0.4116,728.842,24.295,1.8,256T,0.6233333333333333
0.8098645806312561,0.65,0.6705622514975033,0.65,0.6487026650729194,0.4005,749.13,24.971,1.8,256T,0.6133333333333333
1.0369207859039307,0.6266666666666667,0.6384737393798963,0.6266666666666666,0.628856358399957,0.3867,775.832,25.861,2.63,128_2T,0.63
2.555283308029175,0.65,0.6715802456131111,0.65,0.6502928083449143,0.3807,788.009,26.267,1.74,256GT,0.6333333333333333
