,learning_rate,num_epochs,per_gpu_batch_size,per_gpu_eval_size,warmup_steps,weight_decay,eval_loss,eval_accuracy,eval_precision,eval_recall,eval_f1,eval_runtime,eval_samples_per_second,eval_steps_per_second,epoch,Test Accuracy
0,3e-05,2,16,32,250,0.0,0.9965447187423706,0.6033333333333334,0.6268634335454611,0.6033333333333334,0.5946813401578878,1.4872,201.721,6.724,2.0,0.6466666666666666
1,3e-05,2,16,32,250,0.3,1.025144338607788,0.5933333333333334,0.6157229226572293,0.5933333333333334,0.5834484160637693,1.5098,198.708,6.624,2.0,0.6133333333333333
2,3e-05,2,16,32,500,0.0,0.9331162571907043,0.62,0.6238254758538734,0.62,0.6193733934939964,1.4811,202.549,6.752,2.0,0.66
3,3e-05,2,16,32,500,0.3,0.9369188547134399,0.63,0.6398699891657639,0.63,0.62630432289875,1.4871,201.74,6.725,2.0,0.6733333333333333
4,3e-05,3,16,32,250,0.0,1.0257043838500977,0.5966666666666667,0.6154502809141984,0.5966666666666667,0.5901254848632694,1.4683,204.317,6.811,3.0,0.62
5,3e-05,3,16,32,250,0.3,1.0149593353271484,0.6,0.6218101733447002,0.6,0.5933719527414927,1.4717,203.84,6.795,3.0,0.62
6,3e-05,3,16,32,500,0.0,0.9331162571907043,0.62,0.6238254758538734,0.62,0.6193733934939964,1.4752,203.363,6.779,3.0,0.66
