,learning_rate,num_epochs,per_gpu_batch_size,per_gpu_eval_size,warmup_steps,weight_decay,eval_loss,eval_accuracy,eval_precision,eval_recall,eval_f1,eval_runtime,eval_samples_per_second,eval_steps_per_second,epoch
0,1e-05,2,16,32,250,0.3,0.6268854737281799,0.74,0.7404201517214549,0.7400000000000001,0.7398846779360309,1.5139,198.17,6.606,2.0
1,1e-05,2,16,32,500,0.3,0.6243923902511597,0.7433333333333333,0.7434480114678134,0.7433333333333333,0.7433786678000284,1.5136,198.206,6.607,2.0
2,1e-05,2,16,32,750,0.3,0.6350200772285461,0.7366666666666667,0.7367481646123796,0.7366666666666667,0.7366701844313784,1.4998,200.031,6.668,2.0
