,learning_rate,num_epochs,per_gpu_batch_size,per_gpu_eval_size,warmup_steps,weight_decay,eval_loss,eval_accuracy,eval_precision,eval_recall,eval_f1,eval_runtime,eval_samples_per_second,eval_steps_per_second,epoch
0,1e-05,2,16,32,500,0.0,0.6273128986358643,0.7466666666666667,0.7470786294315707,0.7466666666666667,0.7468364926944956,1.5103,198.633,6.621,2.0
1,1e-05,2,16,32,500,0.3,0.6243923902511597,0.7433333333333333,0.7434480114678134,0.7433333333333333,0.7433786678000284,1.4931,200.918,6.697,2.0
2,1e-05,2,16,32,500,0.6,0.6249125003814697,0.7466666666666667,0.7470786294315707,0.7466666666666667,0.7468364926944956,1.4924,201.013,6.7,2.0
