,learning_rate,num_epochs,per_gpu_batch_size,per_gpu_eval_size,warmup_steps,weight_decay,eval_loss,eval_accuracy,eval_precision,eval_recall,eval_f1,eval_runtime,eval_samples_per_second,eval_steps_per_second,epoch
0,1e-05,2,16,16,500,0.3,0.6243923902511597,0.7433333333333333,0.7434480114678134,0.7433333333333333,0.7433786678000284,1.3881,216.12,13.688,2.0
1,1e-05,2,16,32,500,0.3,0.6243923902511597,0.7433333333333333,0.7434480114678134,0.7433333333333333,0.7433786678000284,1.3882,216.104,7.203,2.0
2,1e-05,2,16,64,500,0.3,0.6243923902511597,0.7433333333333333,0.7434480114678134,0.7433333333333333,0.7433786678000284,1.2559,238.865,3.981,2.0
3,1e-05,2,32,16,500,0.3,0.8001814484596252,0.66,0.6630387311803241,0.66,0.6567214965878132,1.404,213.673,13.533,2.0
4,1e-05,2,32,32,500,0.3,0.8001814484596252,0.66,0.6630387311803241,0.66,0.6567214965878132,1.3802,217.362,7.245,2.0
5,1e-05,2,32,64,500,0.3,0.8001812696456909,0.66,0.6630387311803241,0.66,0.6567214965878132,1.2722,235.803,3.93,2.0
6,1e-05,2,64,16,500,0.3,0.7866169214248657,0.66,0.6636201008294031,0.66,0.6599439775910364,1.378,217.699,13.788,2.0
7,1e-05,2,64,32,500,0.3,0.7866170406341553,0.66,0.6636201008294031,0.66,0.6599439775910364,1.3756,218.082,7.269,2.0
8,1e-05,2,64,64,500,0.3,0.7866171002388,0.66,0.6636201008294031,0.66,0.6599439775910364,1.2794,234.492,3.908,2.0
