in_len,out_len,hidden_size,lstm_layers,num_attention_heads,dropout,hidden_continuous_size,use_static_covariates,sMAPE,MAPE
1,7,8,2,3,0.003824949892297924,8,True,2.236816076900406,2.246529445975276
1,31,16,1,7,0.08729417728973866,9,False,1.0451400048414672,1.0583851572115441
31,7,12,1,2,0.14597516481636913,10,True,0.936998891999209,0.9557254772814279
31,7,25,1,6,0.2832897108531478,7,True,0.19150997918766516,0.19149634925789608
31,7,13,3,5,0.1858836226346449,8,True,1.8488428508966082,1.920644482793215
7,31,27,3,6,0.09840837115796487,8,True,0.6130431485987826,0.6160031570586222
1,1,8,2,2,0.19874098771101492,9,False,1.4779856220645615,1.4845629244027116
