,eval_loss,eval_acc,eval_runtime,eval_samples_per_second,eval_steps_per_second,epoch,time_this_iter_s,training_iteration,learning_rate,per_device_eval_batch_size,per_device_train_batch_size,warmup_steps,weight_decay,testAccuracy
0,1.7913302183151243,0.6066666666666667,0.5023,597.23,19.908,1.0,834.7133719921112,1,4.802857225639665e-05,32,16,500,0.11236203565420874,0.6133333333333333
0,1.3290753364562988,0.62,0.4851,618.449,20.615,1.0,877.9492263793945,1,3.8322903111841824e-05,32,16,250,0.18033450352296262,0.5966666666666667
0,1.2537693977355957,0.6166666666666667,0.5044,594.823,19.827,1.0,861.0635900497437,1,1.7272998688284028e-05,32,16,0,0.06370173320348284,0.5966666666666667
0,1.066064953804016,0.5933333333333334,0.478,627.676,20.923,1.0,880.2332301139832,1,1.1866626528544617e-05,32,16,500,0.11995829151457664,0.6133333333333333
0,1.1127641201019287,0.61,0.4911,610.872,20.362,1.0,842.4735734462738,1,1.2323344486727979e-05,32,16,0,0.04679835610086079,0.6033333333333334
0,1.2113854885101318,0.64,0.5139,583.723,19.457,1.0,872.0209662914276,1,2.164916560792168e-05,32,16,500,0.12958350559263473,0.62
0,1.357027530670166,0.5833333333333334,0.4889,613.606,20.454,1.0,855.1963932514191,1,3.3874006317859486e-05,32,16,250,0.23390730008183078,0.61
0,1.455665946006775,0.59,0.4782,627.326,20.911,1.0,869.3297984600067,1,3.446612641953124e-05,32,16,0,0.18524445288831495,0.5866666666666667
0,1.586774230003357,0.6233333333333333,0.4794,625.831,20.861,1.0,880.793527841568,1,3.887995089067299e-05,32,16,250,0.016923473708130077,0.6366666666666667
