,eval_loss,eval_acc,eval_runtime,eval_samples_per_second,eval_steps_per_second,epoch,time_this_iter_s,training_iteration,learning_rate,per_device_eval_batch_size,per_device_train_batch_size,warmup_steps,weight_decay,testAccuracy
0,2.148693323135376,0.6,0.3831,783.067,26.102,1.0,1362.4381234645844,1,2.164916560792168e-05,32,16,500,0.12958350559263473,0.62
0,2.334273338317871,0.58,0.3868,775.529,25.851,1.0,1350.2473697662354,1,3.3874006317859486e-05,32,16,250,0.23390730008183078,0.6133333333333333
0,2.484838962554932,0.5866666666666667,0.3825,784.353,26.145,1.0,1368.854462146759,1,3.446612641953124e-05,32,16,0,0.18524445288831495,0.6466666666666666
0,1.5552843809127808,0.6033333333333334,0.3831,783.157,26.105,1.0,1375.7659306526184,1,1.1866626528544617e-05,32,16,500,0.11995829151457664,0.6233333333333333
0,2.357407331466675,0.6033333333333334,0.3957,758.109,25.27,1.0,1354.4484958648682,1,3.887995089067299e-05,32,16,250,0.016923473708130077,0.6333333333333333
0,1.7892528772354126,0.6166666666666667,0.3983,753.124,25.104,1.0,1361.2949624061584,1,1.2323344486727979e-05,32,16,0,0.04679835610086079,0.6366666666666667
0,2.416417360305786,0.5866666666666667,0.3829,783.579,26.119,1.0,1351.0004925727844,1,3.8322903111841824e-05,32,16,250,0.18033450352296262,0.6
0,2.411452531814575,0.5566666666666666,0.3883,772.507,25.75,1.0,1346.3346467018127,1,4.802857225639665e-05,32,16,500,0.11236203565420874,0.5933333333333334
0,2.237332820892334,0.6,0.3819,785.582,26.186,1.0,1349.1785800457,1,1.7272998688284028e-05,32,16,0,0.06370173320348284,0.6733333333333333
