,eval_loss,eval_acc,eval_runtime,eval_samples_per_second,eval_steps_per_second,epoch,time_this_iter_s,training_iteration,learning_rate,per_device_eval_batch_size,per_device_train_batch_size,warmup_steps,weight_decay,testAccuracy
0,0.989646315574646,0.66,0.4379,685.011,22.834,1.0,347.0334885120392,1,3.887995089067299e-05,32,16,250,0.016923473708130077,0.6333333333333333
0,0.8591135740280151,0.6766666666666666,0.4493,667.728,22.258,1.0,342.943295955658,1,4.802857225639665e-05,32,16,500,0.11236203565420874,0.6266666666666667
0,0.8526917695999146,0.64,0.433,692.898,23.097,1.0,340.5628333091736,1,1.1866626528544617e-05,32,16,500,0.11995829151457664,0.6133333333333333
0,0.8739610910415649,0.6333333333333333,0.4314,695.364,23.179,1.0,345.2829327583313,1,1.2323344486727979e-05,32,16,0,0.04679835610086079,0.62
0,0.88861083984375,0.67,0.4248,706.277,23.543,1.0,348.03205919265747,1,3.8322903111841824e-05,32,16,250,0.18033450352296262,0.6266666666666667
0,0.9436177611351012,0.64,0.4434,676.623,22.554,1.0,339.74155926704407,1,3.3874006317859486e-05,32,16,250,0.23390730008183078,0.6333333333333333
0,0.866532564163208,0.6533333333333333,0.4305,696.813,23.227,1.0,345.37532663345337,1,2.164916560792168e-05,32,16,500,0.12958350559263473,0.63
0,0.8843054175376892,0.6166666666666667,0.4345,690.441,23.015,1.0,347.7367763519287,1,1.7272998688284028e-05,32,16,0,0.06370173320348284,0.65
0,0.9545171856880188,0.6433333333333333,0.4313,695.503,23.183,1.0,350.98727798461914,1,3.446612641953124e-05,32,16,0,0.18524445288831495,0.6266666666666667
