,eval_loss,eval_acc,eval_runtime,eval_samples_per_second,eval_steps_per_second,epoch,time_this_iter_s,training_iteration,learning_rate,per_device_eval_batch_size,per_device_train_batch_size,warmup_steps,weight_decay,testAccuracy
0,1.321217060089111,0.63,0.4312,695.792,23.193,1.0,395.7560465335846,1,3.446612641953124e-05,32,16,0,0.18524445288831495,0.6433333333333333
0,1.1927242279052734,0.61,0.4215,711.688,23.723,1.0,396.7177228927612,1,1.7272998688284028e-05,32,16,0,0.06370173320348284,0.61
0,1.051889181137085,0.62,0.4378,685.183,22.839,1.0,396.9288418292999,1,2.164916560792168e-05,32,16,500,0.12958350559263473,0.6033333333333334
0,1.3976536989212036,0.5966666666666667,0.4215,711.741,23.725,1.0,392.1834399700165,1,3.3874006317859486e-05,32,16,250,0.23390730008183078,0.5966666666666667
0,1.4054964780807495,0.6033333333333334,0.4195,715.156,23.839,1.0,394.4060904979706,1,3.8322903111841824e-05,32,16,250,0.18033450352296262,0.61
0,1.3251831531524658,0.6266666666666667,0.4203,713.722,23.791,1.0,397.6770851612091,1,3.887995089067299e-05,32,16,250,0.016923473708130077,0.6333333333333333
0,0.9931349754333496,0.6066666666666667,0.4246,706.58,23.553,1.0,409.4091989994049,1,1.1866626528544617e-05,32,16,500,0.11995829151457664,0.6066666666666667
0,1.0862677097320557,0.63,0.4158,721.422,24.047,1.0,398.12307810783386,1,1.2323344486727979e-05,32,16,0,0.04679835610086079,0.6066666666666667
0,1.3269063234329224,0.57,0.4223,710.457,23.682,1.0,392.5960273742676,1,4.802857225639665e-05,32,16,500,0.11236203565420874,0.6166666666666667
