learning_rate,warmup_steps,weight_decay,Accuracy
4.512139627803075e-05,500,0.05094328275736346,0.5866666666666667
1.7268477442507538e-05,500,0.24258949690537301,0.5866666666666667
3.7857153558918436e-05,0,0.13019443476534423,0.5566666666666666
3.352124489592103e-05,250,0.21857721945258718,0.6033333333333334
3.018782715954559e-05,500,0.17296717393923214,0.6
4.5279494473858694e-05,0,0.002386940039408225,0.58
4.860567688034652e-05,250,0.2333339863856539,0.5466666666666666
4.331592446313385e-05,250,0.05232111270000893,0.5633333333333334
3.75847715163405e-05,250,0.004523844049419012,0.62
