learning_rate,warmup_steps,weight_decay,Accuracy
2.176847423954765e-05,500,0.0602830663074165,0.6
1.6187246245067627e-05,500,0.021617719154267766,0.6
4.763514512029436e-05,0,0.048093393560507,0.61
1.6584203442763208e-05,500,0.25415792394371245,0.58
1.471998239729878e-05,250,0.11047179708084968,0.6166666666666667
4.3105288270304025e-05,500,0.259851364388152,0.6033333333333334
1.914774076831201e-05,250,0.2481701638984914,0.5866666666666667
1.1085784940336297e-05,500,0.14074946596748397,0.59
3.5631883519441505e-05,250,0.10514537958666098,0.58
