learning_rate,warmup_steps,weight_decay,Accuracy
1.930658926686709e-05,500,0.07345465148548389,0.5566666666666666
2.5687772866370667e-05,500,0.10486182159586568,0.5866666666666667
2.1107934656946883e-05,0,0.17164705750067888,0.58
3.0190719044163838e-05,500,0.23087990618394802,0.58
3.443186250667233e-05,0,0.18870579398582568,0.5966666666666667
1.4399399347872044e-05,250,0.048702558464271635,0.57
