,eval_loss,eval_acc,eval_runtime,eval_samples_per_second,eval_steps_per_second,epoch,time_this_iter_s,training_iteration,learning_rate,per_device_eval_batch_size,per_device_train_batch_size,warmup_steps,weight_decay,testAccuracy
0,0.925991415977478,0.6066666666666667,0.5103,587.899,19.597,1.0,722.6563045978546,1,3.446612641953124e-05,32,16,0,0.18524445288831495,0.5933333333333334
0,0.8542101979255676,0.6533333333333333,0.5207,576.107,19.204,1.0,735.9228780269623,1,3.887995089067299e-05,32,16,250,0.016923473708130077,0.6133333333333333
0,0.8871873021125793,0.6266666666666667,0.4961,604.724,20.157,1.0,698.5623302459717,1,1.2323344486727979e-05,32,16,0,0.04679835610086079,0.5466666666666666
0,0.9188095927238464,0.6066666666666667,0.5031,596.349,19.878,1.0,695.6966714859009,1,1.7272998688284028e-05,32,16,0,0.06370173320348284,0.5666666666666667
0,0.9962934255599976,0.58,0.504,595.291,19.843,1.0,726.8684298992157,1,3.8322903111841824e-05,32,16,250,0.18033450352296262,0.5566666666666666
0,0.8697695732116699,0.6133333333333333,0.5015,598.251,19.942,1.0,667.3397736549377,1,4.802857225639665e-05,32,16,500,0.11236203565420874,0.6266666666666667
0,0.8410327434539795,0.6166666666666667,0.5071,591.596,19.72,1.0,702.105297088623,1,2.164916560792168e-05,32,16,500,0.12958350559263473,0.58
0,0.865481436252594,0.64,0.5088,589.573,19.652,1.0,691.6292359828949,1,3.3874006317859486e-05,32,16,250,0.23390730008183078,0.6066666666666667
0,0.8882675170898438,0.64,0.5095,588.834,19.628,1.0,718.0326459407806,1,1.1866626528544617e-05,32,16,500,0.11995829151457664,0.5666666666666667
