learning_rate,warmup_steps,weight_decay,Accuracy
3.306140673562097e-05,500,0.13566466220883827,0.6266666666666667
1.5872561705404557e-05,0,0.16555838472926912,0.6333333333333333
2.220642891854731e-05,0,0.1423064266219967,0.61
2.8853897343827407e-05,0,0.2740242761797657,0.6466666666666666
1.8207391783868104e-05,0,0.192099280099947,0.6033333333333334
