,eval_loss,eval_acc,eval_runtime,eval_samples_per_second,eval_steps_per_second,epoch,time_this_iter_s,training_iteration,learning_rate,per_device_eval_batch_size,per_device_train_batch_size,warmup_steps,weight_decay,testAccuracy
0,1.6892606019973757,0.6633333333333333,0.4149,723.134,24.104,1.0,729.4736878871918,1,3.446612641953124e-05,32,16,0,0.18524445288831495,0.6
0,1.948850154876709,0.6133333333333333,0.4276,701.542,23.385,1.0,734.2164340019226,1,3.887995089067299e-05,32,16,250,0.016923473708130077,0.64
0,1.6697521209716797,0.64,0.4196,714.942,23.831,1.0,728.5026218891144,1,2.164916560792168e-05,32,16,500,0.12958350559263473,0.6466666666666666
0,1.84907066822052,0.6,0.4445,674.981,22.499,1.0,727.9223265647888,1,3.3874006317859486e-05,32,16,250,0.23390730008183078,0.6233333333333333
0,1.3652472496032717,0.6466666666666666,0.4208,712.898,23.763,1.0,732.423609495163,1,1.2323344486727979e-05,32,16,0,0.04679835610086079,0.6266666666666667
0,1.2917197942733765,0.6533333333333333,0.4292,698.98,23.299,1.0,734.9825506210327,1,1.1866626528544617e-05,32,16,500,0.11995829151457664,0.62
0,1.6201932430267334,0.6333333333333333,0.4221,710.788,23.693,1.0,735.3051254749298,1,1.7272998688284028e-05,32,16,0,0.06370173320348284,0.6133333333333333
0,1.856352686882019,0.63,0.4252,705.605,23.52,1.0,732.5320630073547,1,3.8322903111841824e-05,32,16,250,0.18033450352296262,0.6466666666666666
0,2.144656181335449,0.5866666666666667,0.4215,711.818,23.727,1.0,731.4822573661804,1,4.802857225639665e-05,32,16,500,0.11236203565420874,0.6033333333333334
