,eval_loss,eval_acc,eval_runtime,eval_samples_per_second,eval_steps_per_second,epoch,time_this_iter_s,training_iteration,learning_rate,per_device_eval_batch_size,per_device_train_batch_size,warmup_steps,weight_decay,testAccuracy
0,1.892350673675537,0.6466666666666666,0.4196,714.976,23.833,1.0,782.1661622524261,1,3.446612641953124e-05,32,16,0,0.18524445288831495,0.61
0,1.885390043258667,0.63,0.416,721.189,24.04,1.0,795.3830332756042,1,1.7272998688284028e-05,32,16,0,0.06370173320348284,0.65
0,1.8297055959701536,0.6066666666666667,0.4331,692.671,23.089,1.0,800.8678524494171,1,2.164916560792168e-05,32,16,500,0.12958350559263473,0.6433333333333333
0,1.4435765743255615,0.6366666666666667,0.4313,695.573,23.186,1.0,790.8213539123535,1,1.1866626528544617e-05,32,16,500,0.11995829151457664,0.6633333333333333
0,2.158320903778076,0.6,0.4273,702.012,23.4,1.0,772.4994056224823,1,4.802857225639665e-05,32,16,500,0.11236203565420874,0.6566666666666666
0,1.6080365180969238,0.65,0.4288,699.675,23.322,1.0,785.7190940380096,1,1.2323344486727979e-05,32,16,0,0.04679835610086079,0.6333333333333333
0,1.9247157573699951,0.6533333333333333,0.4235,708.377,23.613,1.0,777.8122389316559,1,3.887995089067299e-05,32,16,250,0.016923473708130077,0.6533333333333333
0,1.9776899814605715,0.6066666666666667,0.4248,706.183,23.539,1.0,783.6992974281311,1,3.3874006317859486e-05,32,16,250,0.23390730008183078,0.6666666666666666
0,2.0022432804107666,0.63,0.4262,703.937,23.465,1.0,777.4890673160553,1,3.8322903111841824e-05,32,16,250,0.18033450352296262,0.6466666666666666
