,learning_rate,num_epochs,per_gpu_batch_size,per_gpu_eval_size,warmup_steps,weight_decay,eval_loss,eval_accuracy,eval_precision,eval_recall,eval_f1,eval_runtime,eval_samples_per_second,eval_steps_per_second,epoch,Test Accuracy
0,1e-05,2,16,16,250,0.0,0.765367329120636,0.75,0.7526972231273307,0.75,0.7506266385734972,1.4653,204.741,12.967,2.0,0.6966666666666667
1,1e-05,2,16,16,250,0.3,0.7604869604110718,0.7566666666666667,0.7582468177304325,0.7566666666666667,0.7570636353287473,1.5006,199.927,12.662,2.0,0.6966666666666667
2,1e-05,2,16,16,500,0.0,0.7717301249504089,0.7466666666666667,0.7478514204423908,0.7466666666666667,0.7469166935186352,1.4857,201.931,12.789,2.0,0.6866666666666666
3,1e-05,2,16,16,500,0.3,0.7690900564193726,0.7466666666666667,0.7484321618465389,0.7466666666666667,0.7470716079411733,1.4922,201.039,12.732,2.0,0.69
4,1e-05,2,16,32,250,0.0,0.7653674483299255,0.75,0.7526972231273307,0.75,0.7506266385734972,1.4792,202.818,6.761,2.0,0.6966666666666667
5,1e-05,2,16,32,250,0.3,0.7604869604110718,0.7566666666666667,0.7582468177304325,0.7566666666666667,0.7570636353287473,1.4686,204.273,6.809,2.0,0.6966666666666667
6,1e-05,2,16,32,500,0.0,0.7717301845550537,0.7466666666666667,0.7478514204423908,0.7466666666666667,0.7469166935186352,1.4738,203.554,6.785,2.0,0.6866666666666666
7,1e-05,2,16,32,500,0.3,0.769089937210083,0.7466666666666667,0.7484321618465389,0.7466666666666667,0.7470716079411733,1.4721,203.791,6.793,2.0,0.69
8,1e-05,2,16,64,250,0.0,0.7653674483299255,0.75,0.7526972231273307,0.75,0.7506266385734972,1.3223,226.878,3.781,2.0,0.6966666666666667
