,learning_rate,num_epochs,per_gpu_batch_size,per_gpu_eval_size,warmup_steps,weight_decay,eval_loss,eval_accuracy,eval_precision,eval_recall,eval_f1,eval_runtime,eval_samples_per_second,eval_steps_per_second,epoch
0,1e-05,2,16,16,250,0.0,0.7449116110801697,0.7166666666666667,0.7167755991285403,0.7166666666666668,0.7166857389256515,1.5268,196.495,12.445,2.0
1,1e-05,2,16,16,250,0.3,0.7436597347259521,0.7233333333333334,0.7234105763517529,0.7233333333333333,0.7233361527107484,1.5513,193.386,12.248,2.0
2,1e-05,2,16,16,500,0.0,0.7331666350364685,0.7366666666666667,0.737201547285581,0.7366666666666667,0.7368836883688369,1.5428,194.448,12.315,2.0
3,1e-05,2,16,16,500,0.3,0.7352235913276672,0.7266666666666667,0.7273295985060692,0.7266666666666666,0.7269490282361569,1.4926,200.988,12.729,2.0
4,1e-05,2,16,32,250,0.0,0.7449117302894592,0.7166666666666667,0.7167755991285403,0.7166666666666668,0.7166857389256515,1.4909,201.224,6.707,2.0
5,1e-05,2,16,32,250,0.3,0.7436596751213074,0.7233333333333334,0.7234105763517529,0.7233333333333333,0.7233361527107484,1.5199,197.382,6.579,2.0
6,1e-05,2,16,32,500,0.0,0.7331665754318237,0.7366666666666667,0.737201547285581,0.7366666666666667,0.7368836883688369,1.4967,200.439,6.681,2.0
7,1e-05,2,16,32,500,0.3,0.7352234125137329,0.7266666666666667,0.7273295985060692,0.7266666666666666,0.7269490282361569,1.5545,192.993,6.433,2.0
8,1e-05,2,16,64,250,0.0,0.7449116110801697,0.7166666666666667,0.7167755991285403,0.7166666666666668,0.7166857389256515,1.3586,220.808,3.68,2.0
