,eval_loss,eval_acc,eval_runtime,eval_samples_per_second,eval_steps_per_second,epoch,time_this_iter_s,training_iteration,learning_rate,num_train_epochs,per_device_eval_batch_size,per_device_train_batch_size,warmup_steps,weight_decay,testAccuracy
0,0.8480236530303955,0.6166666666666667,0.3762,797.481,26.583,1.0,301.5058765411377,1,2.5994438868610224e-05,3,32,32,500,0.15743239807751674,0.6433333333333333
0,0.8983339667320251,0.5966666666666667,0.3753,799.255,26.642,1.0,304.3072693347931,1,4.96884623716487e-05,5,32,32,0,0.00023362975230429848,0.66
0,0.8357079029083252,0.6233333333333333,0.3822,784.964,26.165,1.0,307.5533068180084,1,3.404460046972836e-05,3,32,32,500,0.2598528437324805,0.64
0,0.8596824407577515,0.6266666666666667,0.3779,793.944,26.465,1.0,311.9340908527374,1,3.887995089067299e-05,5,32,32,250,0.016923473708130077,0.66
0,0.8099667429924011,0.62,0.3934,762.515,25.417,1.0,296.5853977203369,1,1.1858016508799909e-05,5,32,32,500,0.17772437065861274,0.6233333333333333
0,0.8432031273841858,0.62,0.3723,805.897,26.863,1.0,299.34758830070496,1,3.473544037332349e-05,5,32,32,500,0.02718193035984624,0.64
0,0.8157145977020264,0.6433333333333333,0.3751,799.772,26.659,1.0,295.5285050868988,1,1.7337391594646555e-05,3,32,32,0,0.23896289605806983,0.6366666666666667
0,0.822263777256012,0.6433333333333333,0.3821,785.083,26.169,1.0,306.73960423469543,1,1.6239780813448106e-05,3,32,32,500,0.04680559213273095,0.6233333333333333
0,0.7968368530273438,0.64,0.4026,745.191,24.84,1.0,301.9613394737244,1,1.0282652208788698e-05,5,32,32,0,0.18349594814648426,0.6466666666666666
