,eval_loss,eval_acc,eval_runtime,eval_samples_per_second,eval_steps_per_second,epoch,time_this_iter_s,training_iteration,learning_rate,num_train_epochs,per_device_eval_batch_size,per_device_train_batch_size,warmup_steps,weight_decay,testAccuracy
0,0.9524035453796388,0.57,0.4164,720.481,24.016,1.0,577.1586408615112,1,3.887995089067299e-05,5,32,32,250,0.016923473708130077,0.6
0,0.9254546165466307,0.5933333333333334,0.4116,728.874,24.296,1.0,592.0743253231049,1,2.5994438868610224e-05,3,32,32,500,0.15743239807751674,0.61
0,0.9242929220199584,0.59,0.4149,723.027,24.101,1.0,598.4452228546143,1,3.473544037332349e-05,5,32,32,500,0.02718193035984624,0.6066666666666667
0,0.947367548942566,0.5966666666666667,0.4157,721.679,24.056,1.0,588.2688081264496,1,4.96884623716487e-05,5,32,32,0,0.00023362975230429848,0.62
0,0.9228261113166808,0.5933333333333334,0.4198,714.592,23.82,1.0,576.5111343860626,1,3.404460046972836e-05,3,32,32,500,0.2598528437324805,0.6066666666666667
0,0.887782096862793,0.6166666666666667,0.4178,718.004,23.933,1.0,587.417289018631,1,1.0282652208788698e-05,5,32,32,0,0.18349594814648426,0.6333333333333333
0,0.9029260277748108,0.6066666666666667,0.4087,734.027,24.468,1.0,580.4121491909027,1,1.7337391594646555e-05,3,32,32,0,0.23896289605806983,0.6266666666666667
0,0.904715657234192,0.6066666666666667,0.4207,713.046,23.768,1.0,595.2922921180725,1,1.1858016508799909e-05,5,32,32,500,0.17772437065861274,0.58
0,0.9170359373092652,0.6,0.4053,740.261,24.675,1.0,589.9510281085968,1,1.6239780813448106e-05,3,32,32,500,0.04680559213273095,0.59
