,eval_loss,eval_acc,eval_runtime,eval_samples_per_second,eval_steps_per_second,epoch,time_this_iter_s,training_iteration,learning_rate,num_train_epochs,per_device_eval_batch_size,per_device_train_batch_size,warmup_steps,weight_decay,testAccuracy
0,1.439694881439209,0.6433333333333333,0.4036,743.382,24.779,1.0,649.1620383262634,1,3.404460046972836e-05,3,32,32,500,0.2598528437324805,0.6333333333333333
0,1.455348253250122,0.6166666666666667,0.4063,738.331,24.611,1.0,664.0332078933716,1,3.473544037332349e-05,5,32,32,500,0.02718193035984624,0.6333333333333333
0,1.300838828086853,0.6566666666666666,0.4024,745.479,24.849,1.0,644.8136506080627,1,1.7337391594646555e-05,3,32,32,0,0.23896289605806983,0.63
0,1.204835057258606,0.64,0.3952,759.126,25.304,1.0,650.1177642345428,1,2.5994438868610224e-05,3,32,32,500,0.15743239807751674,0.61
0,1.0598148107528689,0.6566666666666666,0.3851,778.926,25.964,1.0,652.319244146347,1,1.1858016508799909e-05,5,32,32,500,0.17772437065861274,0.6333333333333333
0,1.1097755432128906,0.66,0.3999,750.207,25.007,1.0,652.3770751953125,1,1.0282652208788698e-05,5,32,32,0,0.18349594814648426,0.6166666666666667
0,1.194481611251831,0.6533333333333333,0.3962,757.139,25.238,1.0,651.1353545188904,1,1.6239780813448106e-05,3,32,32,500,0.04680559213273095,0.6066666666666667
0,1.754154920578003,0.6133333333333333,0.3798,789.898,26.33,1.0,650.8975269794464,1,4.96884623716487e-05,5,32,32,0,0.00023362975230429848,0.6633333333333333
0,1.681414008140564,0.6366666666666667,0.3822,784.971,26.166,1.0,649.4989957809448,1,3.887995089067299e-05,5,32,32,250,0.016923473708130077,0.6366666666666667
