,eval_loss,eval_acc,eval_runtime,eval_samples_per_second,eval_steps_per_second,epoch,time_this_iter_s,training_iteration,learning_rate,num_train_epochs,per_device_eval_batch_size,per_device_train_batch_size,warmup_steps,weight_decay,testAccuracy
0,0.9019010663032532,0.63,0.4371,686.284,22.876,1.0,361.83789229393005,1,1.1858016508799909e-05,5,32,32,500,0.17772437065861274,0.6
0,0.8921687006950378,0.6466666666666666,0.4351,689.552,22.985,1.0,353.870934009552,1,1.0282652208788698e-05,5,32,32,0,0.18349594814648426,0.5933333333333334
0,0.9709131121635436,0.6433333333333333,0.4642,646.292,21.543,1.0,351.21676421165466,1,1.7337391594646555e-05,3,32,32,0,0.23896289605806983,0.6066666666666667
0,0.9130426049232484,0.6266666666666667,0.4198,714.627,23.821,1.0,359.29235196113586,1,1.6239780813448106e-05,3,32,32,500,0.04680559213273095,0.6
0,1.1765586137771606,0.5966666666666667,0.4286,700.008,23.334,1.0,357.529513835907,1,3.887995089067299e-05,5,32,32,250,0.016923473708130077,0.5866666666666667
0,1.4435622692108154,0.56,0.4177,718.266,23.942,1.0,356.08996295928955,1,4.96884623716487e-05,5,32,32,0,0.00023362975230429848,0.6033333333333334
0,1.042739987373352,0.62,0.4401,681.683,22.723,1.0,351.6988434791565,1,3.473544037332349e-05,5,32,32,500,0.02718193035984624,0.5866666666666667
0,0.949962854385376,0.6233333333333333,0.4303,697.11,23.237,1.0,354.2718224525452,1,2.5994438868610224e-05,3,32,32,500,0.15743239807751674,0.5933333333333334
0,0.9970330595970154,0.6133333333333333,0.4206,713.229,23.774,1.0,358.6862871646881,1,3.404460046972836e-05,3,32,32,500,0.2598528437324805,0.6166666666666667
