,eval_loss,eval_acc,eval_runtime,eval_samples_per_second,eval_steps_per_second,epoch,time_this_iter_s,training_iteration,learning_rate,num_train_epochs,per_device_eval_batch_size,per_device_train_batch_size,warmup_steps,weight_decay,testAccuracy
0,1.6199580430984497,0.5866666666666667,0.3836,782.137,26.071,1.0,1311.9812364578247,1,3.473544037332349e-05,5,32,32,500,0.02718193035984624,0.6133333333333333
0,1.2820312976837158,0.6233333333333333,0.3859,777.379,25.913,1.0,1303.6561620235443,1,1.6239780813448106e-05,3,32,32,500,0.04680559213273095,0.64
0,1.3823130130767822,0.6066666666666667,0.3925,764.342,25.478,1.0,1308.8287279605863,1,2.5994438868610224e-05,3,32,32,500,0.15743239807751674,0.64
0,1.2915940284729004,0.6233333333333333,0.3918,765.707,25.524,1.0,1316.0573298931122,1,1.0282652208788698e-05,5,32,32,0,0.18349594814648426,0.64
0,1.2167330980300903,0.6066666666666667,0.394,761.491,25.383,1.0,1317.3625166416168,1,1.1858016508799909e-05,5,32,32,500,0.17772437065861274,0.6166666666666667
0,1.6418564319610596,0.5833333333333334,0.3849,779.456,25.982,1.0,1317.7657606601715,1,3.887995089067299e-05,5,32,32,250,0.016923473708130077,0.6266666666666667
0,1.5327510833740234,0.5966666666666667,0.4064,738.231,24.608,1.0,1296.3140273094175,1,1.7337391594646555e-05,3,32,32,0,0.23896289605806983,0.6233333333333333
0,2.006049871444702,0.5866666666666667,0.3879,773.439,25.781,1.0,1319.464564561844,1,4.96884623716487e-05,5,32,32,0,0.00023362975230429848,0.6333333333333333
0,1.5205600261688232,0.62,0.3863,776.532,25.884,1.0,1308.2329142093658,1,3.404460046972836e-05,3,32,32,500,0.2598528437324805,0.61
