,eval_loss,eval_acc,eval_runtime,eval_samples_per_second,eval_steps_per_second,epoch,time_this_iter_s,training_iteration,learning_rate,num_train_epochs,per_device_eval_batch_size,per_device_train_batch_size,warmup_steps,weight_decay,testAccuracy
0,1.373604416847229,0.5633333333333334,0.4108,730.291,24.343,1.0,756.377002954483,1,3.887995089067299e-05,5,32,32,250,0.016923473708130077,0.6366666666666667
0,1.0533701181411743,0.6033333333333334,0.424,707.483,23.583,1.0,752.0699989795685,1,1.0282652208788698e-05,5,32,32,0,0.18349594814648426,0.6266666666666667
0,1.21019184589386,0.5966666666666667,0.4206,713.234,23.774,1.0,755.5592820644379,1,3.473544037332349e-05,5,32,32,500,0.02718193035984624,0.6533333333333333
0,1.1889371871948242,0.6,0.4098,732.07,24.402,1.0,745.5370466709137,1,1.7337391594646555e-05,3,32,32,0,0.23896289605806983,0.6433333333333333
0,0.96467262506485,0.6066666666666667,0.4316,695.064,23.169,1.0,759.3576302528381,1,1.1858016508799909e-05,5,32,32,500,0.17772437065861274,0.6333333333333333
0,1.0014694929122925,0.61,0.4187,716.565,23.885,1.0,747.9969227313995,1,1.6239780813448106e-05,3,32,32,500,0.04680559213273095,0.6366666666666667
0,1.2091827392578125,0.59,0.4283,700.413,23.347,1.0,757.6022062301636,1,3.404460046972836e-05,3,32,32,500,0.2598528437324805,0.6366666666666667
0,1.3859416246414185,0.5966666666666667,0.4243,707.046,23.568,1.0,760.6375389099121,1,4.96884623716487e-05,5,32,32,0,0.00023362975230429848,0.62
0,1.1375395059585571,0.6,0.4184,717.059,23.902,1.0,754.9541673660278,1,2.5994438868610224e-05,3,32,32,500,0.15743239807751674,0.63
