,eval_loss,eval_acc,eval_runtime,eval_samples_per_second,eval_steps_per_second,epoch,time_this_iter_s,training_iteration,learning_rate,num_train_epochs,per_device_eval_batch_size,per_device_train_batch_size,warmup_steps,weight_decay,testAccuracy
0,1.631116509437561,0.6333333333333333,0.3769,795.973,26.532,1.0,370.6356325149536,1,4.96884623716487e-05,5,32,32,0,0.00023362975230429848,0.6333333333333333
0,1.3009922504425049,0.6233333333333333,0.3861,777.043,25.901,1.0,367.8168058395386,1,3.887995089067299e-05,5,32,32,250,0.016923473708130077,0.63
0,1.0094244480133057,0.63,0.3869,775.486,25.85,1.0,366.1462769508362,1,3.473544037332349e-05,5,32,32,500,0.02718193035984624,0.6466666666666666
0,0.9919221997261048,0.6233333333333333,0.3825,784.32,26.144,1.0,369.50813603401184,1,2.5994438868610224e-05,3,32,32,500,0.15743239807751674,0.65
0,0.9043839573860168,0.6533333333333333,0.378,793.551,26.452,1.0,370.2104470729828,1,1.6239780813448106e-05,3,32,32,500,0.04680559213273095,0.6433333333333333
0,0.8648115992546082,0.6466666666666666,0.3875,774.201,25.807,1.0,367.9832053184509,1,1.1858016508799909e-05,5,32,32,500,0.17772437065861274,0.63
0,0.9384928345680236,0.63,0.3966,756.436,25.215,1.0,375.4325141906738,1,1.0282652208788698e-05,5,32,32,0,0.18349594814648426,0.6533333333333333
0,1.0814942121505735,0.61,0.3995,751.002,25.033,1.0,375.3155415058136,1,1.7337391594646555e-05,3,32,32,0,0.23896289605806983,0.64
0,1.003752827644348,0.6366666666666667,0.3942,760.981,25.366,1.0,380.5892472267151,1,3.404460046972836e-05,3,32,32,500,0.2598528437324805,0.6566666666666666
